C,gamma,Accuracy
0.1,1.0,0.5331737346101231
1.0,0.1,0.7019288645690834
10.0,0.01,0.9173597811217512
100.0,0.001,0.9115321477428182
1000.0,0.0001,0.9569630642954857
