C,gamma,Accuracy
0.1,1.0,0.53317452081073
1.0,0.1,0.6799358460304732
10.0,0.01,0.871977923486957
100.0,0.001,0.9115426828309513
1000.0,0.0001,0.949997169677815
